category,Name,nickname,article link,source,Main sources for the website list
news,Yahoo News,yan0,https://news.yahoo.com/news/sports/mma/article/ufc-legend-bj-penn-arrested-for-3rd-time-in-6-days-over-claims-of-family-being-replaced-with-imposters-205824657.html,https://news.yahoo.com/,https://bloggingjoy.com/top-news-websites/
news,google news,gon0,,https://news.google.com/home?hl=en-US&gl=US&ceid=US:en,https://www.techworm.net/2021/12/unbiased-news-sources.html
news,CNN,cnn0,https://www.cnn.com/2025/06/01/politics/cnn-poll-republicans-democrats,https://www.cnn.com/,https://www.goodwall.io/blog/best-tech-websites/
news,BBC,bbc0,https://www.bbc.com/news/articles/c87jpvely07o,https://www.bbc.com/news,https://news.feedspot.com/food_news_websites/
news,The NewYork Times,tnyt0,https://www.nytimes.com/2025/06/01/us/california-democrats-kamala-harris-governor.html,https://www.nytimes.com/,https://news.feedspot.com/sports_news_websites/
news,The Fox News,tfn0,https://www.foxnews.com/entertainment/whitney-houston-mike-myers-name-dropped-diddys-high-profile-sex-trafficking-trial,https://www.foxnews.com/,https://news.feedspot.com/fashion_news_websites/
news,The Guardian,tgu0,https://www.theguardian.com/us-news/2025/jun/01/russell-vought-congress-federal-workforce,https://www.theguardian.com/us,https://masterblogging.com/best-travel-blogs/
news,Reuters,reu0,https://www.reuters.com/world/us/us-supreme-court-lets-trump-end-deportation-protection-venezuelans-2025-05-19/,https://www.reuters.com/,https://www.myglobalviewpoint.com/travel-blogs/
news,NBC News,nbc0,https://www.nbcnews.com/politics/congress/mike-johnson-medicaid-recipients-will-choose-whether-lose-healthcare-rcna210207,https://www.nbcnews.com/,https://www.travelpayouts.com/blog/famous-travel-bloggers/
news,Al Jazeera,alj0,https://www.aljazeera.com/news/liveblog/2025/6/1/live-israel-pounds-gaza-hamas-seeks-changes-to-us-ceasefire-proposal?update=3746371,https://www.aljazeera.com/,
news,The Washington Post,twp0,https://www.washingtonpost.com/world/2025/06/01/violence-paris-psg-champions-league-final/,https://www.washingtonpost.com/,
news,Bloomberg,blo0,https://www.bloomberg.com/opinion/articles/2025-05-30/could-sheinbaum-be-mexico-s-agent-of-change?srnd=homepage-americas,https://www.bloomberg.com/,
news,The Independent,tin0,https://www.the-independent.com/life-style/wealth-gap-summer-economy-advice-b2759563.html,https://www.independent.co.uk/us,
news, Sky News,skn0,https://news.sky.com/story/inquiry-into-uks-role-in-1984-golden-temple-massacre-under-consideration-13377517,https://news.sky.com/,
news,DailyMail,dam0,https://www.dailymail.co.uk/news/article-14765537/unsolved-murder-cheryl-williams-frady-budweiser-shot-dead-suspect-identified-police.html,https://www.dailymail.co.uk/ushome/index.html,
news,Hindusthan times,hit0,https://www.hindustantimes.com/world-news/trump-says-russia-putin-ukraine-zelensky-to-immediately-start-negotiations-on-ceasefire-101747676553908.html,https://www.hindustantimes.com/,
news,NPR,npr0,https://www.npr.org/sections/goats-and-soda/2025/06/01/g-s1-69308/the-women-of-no-sex-for-fish-are-survivors-but-their-survival-is-precarious,https://www.npr.org/,
news,India today,int0,https://www.indiatoday.in/india/story/india-pakistan-tension-indus-water-treaty-shehbaz-sharif-tajikistan-conference-on-pahalgam-attack-operation-sindoor-kirti-vardhan-singh-2733827-2025-06-01,https://www.indiatoday.in/,
news,AP news,apn0,https://apnews.com/article/allen-steinfeld-wedding-bills-7d152f7f490a3d8ee28d6031bf02b3a0,https://www.apnews.com/,
news,The wall street journal,wsj0,https://www.wsj.com/opinion/imagine-spending-all-weekend-listening-to-progressive-activists-3577309a?mod=hp_opin_pos_3,https://www.wsj.com/,
news,cspan,csp0,https://www.c-span.org/liveEvent/?senate-on-tv,https://www.c-span.org/,
tech news,Tech Crunch,tcr0,https://techcrunch.com/2025/05/19/billionaire-founder-of-luminar-replaced-as-ceo-following-ethics-inquiry/,https://techcrunch.com/,
tech news,wired,wir0,https://www.wired.com/gallery/best-eero-wi-fi-mesh-router/,https://www.wired.com/,
tech news,gizmodo,giz0,https://gizmodo.com/stranger-things-season-5-release-date-trailer-netflix-2000609596,https://gizmodo.com/,
tech news,Engadget,eng0,https://www.engadget.com/gaming/playdate-season-2-review-fulcrum-defender-dig-dig-dino-and-blippo-140036697.html,https://www.engadget.com/,
tech news,The Next Web,tnw0,https://thenextweb.com/news/new-exoskeleton-for-humans-comes-with-ai-brain-muscle-memory,https://thenextweb.com/,
tech news,CNET,cnet0,https://www.cnet.com/tech/services-and-software/best-vpn/,https://www.cnet.com/tech/gaming/elden-ring-nightreign-director-interview-if-he-can-solo-every-boss-so-can-you/,
tech news,Android Authority,aau0,https://www.androidauthority.com/phone-link-panel-windows-start-menu-3558774/,,
tech news,The Verge,tvg0,https://www.theverge.com/news/669304/google-io-2025-how-to-watch-expect-livestream-ai-android-xr,,
tech news,Tech News World,tnw0,https://www.technewsworld.com/story/waymo-builds-arizona-factory-to-grow-robotaxi-fleet-179727.html,,
tech news,Business Insider,bui0,https://www.businessinsider.com/companies-are-struggling-to-fill-existing-manufacturing-positions-2025-5,https://www.businessinsider.com/,
tech news,Tech Radar,ter0,https://www.techradar.com/health-fitness/smartwatches/we-may-have-some-information-on-incoming-smartwatches-from-android-phone-and-tablet-maker-hmd,https://www.techradar.com/,
tech news,9to5Mac,mac0,https://9to5mac.com/2025/05/29/when-are-new-macs-coming/,https://9to5mac.com/,
tech news,Mac Rumours,mru0,https://www.macrumors.com/2025/06/01/m3-ipad-air-amazon-499/,https://www.macrumors.com/,
tech news,PC World,pcw0,https://www.pcworld.com/article/2787813/this-neat-trick-instantly-reveals-if-a-battery-is-charged-or-dead.html,https://www.pcworld.com/,
tech news,Ars Technica,ars0,https://arstechnica.com/ai/2025/05/real-tiktokers-are-pretending-to-be-veo-3-ai-creations-for-fun-attention/,https://arstechnica.com/,
tech news,Digital Trends,dit0,https://www.digitaltrends.com/gaming/nyt-mini-crossword-answers-june-1/,https://www.digitaltrends.com/,
tech news,Computer World,cow0,https://www.computerworld.com/article/3997252/ai-and-economic-pressures-reshape-tech-jobs-amid-layoffs.html,https://www.computerworld.com/,
food,Food Dive,fod0,https://www.fooddive.com/news/dole-picks-ex-del-monte-exec-todd-stillwell-supply-chain-vp/749062/,https://www.fooddive.com/,
food,Food Safety News,fsn0,https://www.foodsafetynews.com/2025/05/publix-recalls-baby-food-because-of-lead-contamination/,https://www.foodsafetynews.com/#google_vignette,
food,Just Food ,Juf0,https://www.just-food.com/news/jbs-to-invest-135m-in-new-us-sausage-plant-creating-500-jobs/,https://www.just-food.com/,
food,Eater,eat0,https://www.eater.com/2025/5/29/24439456/nordstrom-momofuku-rei-goldbelly-sale,https://www.eater.com/,
food,New Food Magazine,nfm0,https://www.newfoodmagazine.com/news/251729/pfas-free-food-packaging-coating-developed-from-graphene-oxide/,https://news.feedspot.com/food_news_websites/,
food,Food Industry Executive,fie0,https://foodindustryexecutive.com/2025/05/how-energy-recovery-is-powering-sustainable-food-production/,https://foodindustryexecutive.com/,
food,Australian Food News,afn0,https://www.ausfoodnews.com.au/2021/03/25/bistro-guillaume-launches-limited-time-hot-cross-buns.html,https://www.ausfoodnews.com.au/,
food,F&B News,fbn0,http://www.fnbnews.com/Top-News/how-india-doubled-its-food-processing-market-in-a-decade-82871,http://www.fnbnews.com/,
food,Nations restaurant news,nrn0,https://www.nrn.com/restaurant-executives/denny-s-ceo-kelli-valade-shares-how-the-restaurant-chain-can-maintain-the-title-of-america-s-favorite-diner-,https://www.nrn.com/,
food,Today,tod0,https://www.today.com/health/diet-fitness/healthiest-fruits-rcna139553,https://www.today.com/food,
food,ItalianFood.net,ifn0,https://news.italianfood.net/2024/05/08/rising-coffee-costs-spur-substitute-production/,https://news.italianfood.net/,
food,Total Food Service,tfs0,https://totalfood.com/chef-taka-lee-bold-new-chapter-oku-south-florida/,https://totalfood.com/,
food,San Francisco Chronicle,sfc0,https://www.sfchronicle.com/projects/2025/top-100-best-restaurants-san-francisco-bay-area/,https://www.sfchronicle.com/food/,
food,Supermarket news,smn0,https://www.supermarketnews.com/grocery-technology/is-costco-ready-to-go-head-to-head-with-sam-s-club-on-scanning-tech-,https://www.supermarketnews.com/,
food,Food Business News,fbn0,https://www.foodbusinessnews.net/articles/28381-slideshow-new-menu-items-from-chick-fil-a-smoothie-king-and-sonic-drive-in,https://www.foodbusinessnews.net/,
food,The Spoon,tsp0,https://thespoon.tech/report-restaurant-tech-funding-drops-to-1-3b-in-2024-but-ai-automation-provide-glimmer-of-hope/,https://thespoon.tech/,
food,Gourmet news,gou0,https://www.gourmetnews.com/the-current-issue-of-gourmet-news/,https://www.gourmetnews.com/,
food,USA Today,ust0,https://10best.usatoday.com/food-drink/10-classic-desserts-nostalgia-cheesecake-smores/,https://www.usatoday.com/life/food-dining/,
food,Just Food ,juf0,https://www.just-food.com/news/granola-brand-nutrail-eagletree-investment/,https://www.just-food.com/,
food,Delish,del0,https://www.delish.com/cooking/recipe-ideas/a64842515/lemon-blueberry-muffins-recipe/,https://www.delish.com/,
food,Food Trade News,ftn0,https://foodtradenews.com/2025/05/06/changing-kids-lives-hunger-programs-highlight-tgc-report/,https://foodtradenews.com/,
Sports,espn,esp0,https://www.espn.com/nba/story/_/id/45413157/nba-finals-2025-7-things-decide-thunder-pacers,https://www.espn.com/,
Sports,Sky Sports,ssp0,https://www.skysports.com/f1/news/12433/13377625/spanish-gp-oscar-piastri-beats-lando-norris-to-win-as-max-verstappen-given-penalty-for-george-russell-crash,https://www.skysports.com/,
Sports,The Sporting News,tsn,https://www.sportingnews.com/us/nba/news/thomas-bryant-points-pacers-game-6-win-knicks/9a31e87fb7f842b7650d865f,https://www.sportingnews.com/us,
Sports,Fox Sports,fox0,https://www.foxsports.com/ufl/week-10-birmingham-stallions-vs-memphis-showboats-jun-01-2025-game-boxscore-78,https://www.foxsports.com/,
Sports,SB Nation ,sbn0,https://www.sbnation.com/2025/6/1/24441119/max-verstappen-f1-spanish-grand-prix-video-george-russell,https://www.sbnation.com/,
Sports,Sportskeeda,spk0,https://www.sportskeeda.com/nfl/news-anthony-richardson-s-career-good-chance-ending-ex-nfl-scout-sounds-alarm-daniel-jones-14-000-000-colts-deal,https://www.sportskeeda.com/,
Sports,CBCSports,cbs0,https://www.cbssports.com/mlb/news/phillies-shake-up-rotation-and-bullpen-including-return-of-prospect-mick-abel-amid-losing-streak/,https://www.cbssports.com/,
Sports,Sports Illustrated,sil0,https://www.si.com/soccer/uswnt-takeaways-china-friendly-macario-labonta,https://www.si.com/,
Sports,Deadspin,ded0,https://deadspin.com/inside-the-2025-world-series-of-poker-how-social-media-is-changing-the-game/,https://deadspin.com/,
Sports,YardBarker,yba0,https://www.yardbarker.com/mlb/articles/mlb_predictions_props_long_shot_futures_bets_for_all_30_teams/s1_17354_41914984,https://www.yardbarker.com/,
Sports,World Sport 24,wos0,https://www.worldsport24.com/p/how-much-is-lebron-james-worth-2024-update,https://www.worldsport24.com/,
Sports,MLB,mlb0,https://www.mlb.com/news/mlb-biggest-questions-for-june-2025,https://www.mlb.com/news,
Sports,Super West Sports,sws0,https://superwestsports.com/mclaughlin-advantages-of-the-5-plus-11-playoff-option/,https://superwestsports.com/,
Sports,Sports News Ireland,sni0,https://www.sportsnewsireland.com/racing_irish/field-of-gold-impresses-in-tattersalls-irish-2000-guineas,https://www.sportsnewsireland.com/,
Sports,SEC Network,sec0,https://www.secsports.com/news/2025/05/6-seed-texas-knocks-down-2-seed-oklahoma-in-exhilarating-wcws-tilt,https://www.secsports.com/,
Sports,Rivals,riv0,https://n.rivals.com/news/big-12-spotlight-five-programs-that-need-a-big-june,https://n.rivals.com/,
Sports,Essentially Sports,ess0,https://www.essentiallysports.com/nascar-news-kyle-larson-drowns-in-deep-regret-despite-heartfelt-apology-to-roger-penskes-star-champion/,https://www.essentiallysports.com/,
Sports,Code Sports,cod0,https://www.codesports.com.au/subscribe/news/1/?sourceCode=CSWEB_WRE170_a&dest=https%3A%2F%2Fwww.codesports.com.au%2Fafl%2Fthe-tackle-jay-clark-on-sydneys-embarrassing-loss-and-all-the-round-12-likes-and-dislikes%2Fnews-story%2F7a292bb58e702570f363b3e7d241dc5f&memtype=anonymous&mode=premium&v21=GROUPA-Segment-2-NOSCORE,https://www.codesports.com.au/,
Sports,USA Today High School Sports,hss0,https://www.usatodayhss.com/story/sports/high-school/2025/05/29/best-oregon-high-schools-for-athletes/83686623007/,https://www.usatodayhss.com/,
Sports,Boxing News,box0,https://boxingnewsonline.net/jesse-rodriguez-hails-chocolatito-as-he-eyes-bad-ass-status/,https://boxingnewsonline.net/,
Sports,The Sports News,tsn0,https://www.thesportsnews.in/isl-2024-25-isl-summer-transfer-window-list-of-all-indian-super-league-2024-25-completed-deals-and-transfers/#google_vignette,https://www.thesportsnews.in/,
Fashion,The Business Fashion,tbf0,https://www.businessoffashion.com/opinions/workplace-talent/has-fashion-given-up-on-emerging-designers/,https://www.businessoffashion.com/,
Fashion,Fashion United,fun0,https://fashionunited.info/news/fashion/andam-fashion-awards-2025s-11-finalists-revealed/20250530232,https://fashionunited.info/,
Fashion,Fashion Law,fla0,https://www.thefashionlaw.com/italy-targets-fashions-dirty-secret-labor-abuses-in-luxury-supply-chains/,https://www.thefashionlaw.com/,
Fashion,aGOODoutfit news,ago0,https://agoodoutfit.com/walmart-fake-yeezy-kanye-west-lawsuit/,https://agoodoutfit.com/category/news/,
Fashion,WWD,wwd0,https://wwd.com/eye/parties/roberto-coin-brings-venice-nyc-fete-dakota-johnson-1237875252/,https://wwd.com/,
Fashion,Fashionista,fas0,https://fashionista.com/2025/05/thom-browne-los-angeles-store,https://fashionista.com/,
Fashion,Fashion Network,fne0,"https://in.fashionnetwork.com/news/Coach-s-hit-handbag-shows-how-less-expensive-luxury-is-gaining-ground,1736135.html",https://in.fashionnetwork.com/,
Fashion,Apparel Resources,are0,https://apparelresources.com/fashion-news/,https://apparelresources.com/fashion-news/,
Fashion,The Trend Spotter,tts0,https://www.thetrendspotter.net/top-international-fashion-news-of-the-week-11-06-23/,https://www.thetrendspotter.net/category/fashion-news/,
Travel blogs,Nomadic Matt,nom0,https://www.nomadicmatt.com/how-to-plan-your-trip/,https://www.nomadicmatt.com/,
Travel blogs,Backpacking Matt,bpm0,https://www.backpackingmatt.com/10-great-adventure-destinations-for-your-post-lockdown-travel-bucket-list/,https://www.backpackingmatt.com/,
Travel blogs,Girl Gone Travel,ggt,https://girlgonetravel.com/2024/08/15/exploring-the-finger-lakes-honeoye-canandaigua-and-keuka-lakes/,https://girlgonetravel.com/,
Travel blogs,Adventurous Kate,adk0,https://www.adventurouskate.com/things-to-do-in-taormina-italy/,https://www.adventurouskate.com/,
Travel blogs,California Through my lens,ctl0,https://californiathroughmylens.com/jalama-beach/,https://californiathroughmylens.com/,
Travel blogs,Time travel turtle,ttt0,https://www.timetravelturtle.com/japan/is-the-jr-pass-worth-it/,https://www.timetravelturtle.com/,
Travel blogs,Follow the boat,ftb0,https://followtheboat.com/the-joy-of-walking-in-thorne-community-wood/,https://followtheboat.com/,
Travel blogs,y travel,ytr0,https://www.ytravelblog.com/best-things-to-do-in-cappadocia-turkey/,https://www.ytravelblog.com/,
Travel blogs,The world travel guy,wtg0,https://theworldtravelguy.com/destinations/bali-travel-guide/,https://theworldtravelguy.com/,
Travel blogs,Adventures & sunsets,ads0,https://www.adventuresnsunsets.com/places-to-visit-in-melbourne-attractions/,https://www.adventuresnsunsets.com/,
Travel blogs,Adventour Begins,abe0,https://adventourbegins.com/best-things-to-do-in-napier-port/,https://adventourbegins.com/,